split,task,model,train_period,validation_period,test_period,probability_bin,bin_lower,bin_upper,rows,mean_predicted_probability,observed_pulse_rate,brier_score
normal_pre_covid_test,attention_pulse_calibration,Baseline: previous-month pulse rule,2015-02 to 2017-12,2018-01 to 2018-12,2019-01 to 2019-12,0,0.0,0.1,9481,0.0,0.12203354076574201,0.18618590048520597
normal_pre_covid_test,attention_pulse_calibration,Baseline: previous-month pulse rule,2015-02 to 2017-12,2018-01 to 2018-12,2019-01 to 2019-12,9,0.9,1.0,1030,1.0,0.22330097087378642,0.18618590048520597
normal_pre_covid_test,attention_pulse_calibration,Baseline: rising recent activity,2015-02 to 2017-12,2018-01 to 2018-12,2019-01 to 2019-12,0,0.0,0.1,7296,0.0,0.12212171052631579,0.3434497193416421
normal_pre_covid_test,attention_pulse_calibration,Baseline: rising recent activity,2015-02 to 2017-12,2018-01 to 2018-12,2019-01 to 2019-12,9,0.9,1.0,3215,1.0,0.15427682737169518,0.3434497193416421
normal_pre_covid_test,attention_pulse_calibration,ML: HGB all modalities,2015-02 to 2017-12,2018-01 to 2018-12,2019-01 to 2019-12,0,0.0,0.1,4128,0.06881907232566806,0.07461240310077519,0.10944539526647737
normal_pre_covid_test,attention_pulse_calibration,ML: HGB all modalities,2015-02 to 2017-12,2018-01 to 2018-12,2019-01 to 2019-12,1,0.1,0.2,4584,0.13885867396432217,0.13285340314136126,0.10944539526647737
normal_pre_covid_test,attention_pulse_calibration,ML: HGB all modalities,2015-02 to 2017-12,2018-01 to 2018-12,2019-01 to 2019-12,2,0.2,0.30000000000000004,1234,0.24115176692675247,0.23824959481361427,0.10944539526647737
normal_pre_covid_test,attention_pulse_calibration,ML: HGB all modalities,2015-02 to 2017-12,2018-01 to 2018-12,2019-01 to 2019-12,3,0.30000000000000004,0.4,411,0.339187545184365,0.27007299270072993,0.10944539526647737
normal_pre_covid_test,attention_pulse_calibration,ML: HGB all modalities,2015-02 to 2017-12,2018-01 to 2018-12,2019-01 to 2019-12,4,0.4,0.5,117,0.4366739381591851,0.358974358974359,0.10944539526647737
normal_pre_covid_test,attention_pulse_calibration,ML: HGB all modalities,2015-02 to 2017-12,2018-01 to 2018-12,2019-01 to 2019-12,5,0.5,0.6000000000000001,27,0.5390987690401255,0.5925925925925926,0.10944539526647737
normal_pre_covid_test,attention_pulse_calibration,ML: HGB all modalities,2015-02 to 2017-12,2018-01 to 2018-12,2019-01 to 2019-12,6,0.6000000000000001,0.7000000000000001,6,0.6440596552400665,0.6666666666666666,0.10944539526647737
normal_pre_covid_test,attention_pulse_calibration,ML: HGB all modalities,2015-02 to 2017-12,2018-01 to 2018-12,2019-01 to 2019-12,7,0.7000000000000001,0.8,2,0.7426071294337715,0.5,0.10944539526647737
normal_pre_covid_test,attention_pulse_calibration,ML: HGB all modalities,2015-02 to 2017-12,2018-01 to 2018-12,2019-01 to 2019-12,8,0.8,0.9,2,0.8665562192612867,1.0,0.10944539526647737
normal_pre_covid_test,attention_pulse_calibration,ML: HGB selected top 20,2015-02 to 2017-12,2018-01 to 2018-12,2019-01 to 2019-12,0,0.0,0.1,5276,0.060122687654038,0.07865807429871115,0.11011117684426694
normal_pre_covid_test,attention_pulse_calibration,ML: HGB selected top 20,2015-02 to 2017-12,2018-01 to 2018-12,2019-01 to 2019-12,1,0.1,0.2,3548,0.14060469878798432,0.15191657271702366,0.11011117684426694
normal_pre_covid_test,attention_pulse_calibration,ML: HGB selected top 20,2015-02 to 2017-12,2018-01 to 2018-12,2019-01 to 2019-12,2,0.2,0.30000000000000004,1143,0.24133295274768723,0.23972003499562555,0.11011117684426694
normal_pre_covid_test,attention_pulse_calibration,ML: HGB selected top 20,2015-02 to 2017-12,2018-01 to 2018-12,2019-01 to 2019-12,3,0.30000000000000004,0.4,357,0.34001907502601086,0.2605042016806723,0.11011117684426694
normal_pre_covid_test,attention_pulse_calibration,ML: HGB selected top 20,2015-02 to 2017-12,2018-01 to 2018-12,2019-01 to 2019-12,4,0.4,0.5,134,0.4364534561635999,0.2835820895522388,0.11011117684426694
normal_pre_covid_test,attention_pulse_calibration,ML: HGB selected top 20,2015-02 to 2017-12,2018-01 to 2018-12,2019-01 to 2019-12,5,0.5,0.6000000000000001,34,0.5465274094518966,0.4411764705882353,0.11011117684426694
normal_pre_covid_test,attention_pulse_calibration,ML: HGB selected top 20,2015-02 to 2017-12,2018-01 to 2018-12,2019-01 to 2019-12,6,0.6000000000000001,0.7000000000000001,9,0.6408778358125841,0.4444444444444444,0.11011117684426694
normal_pre_covid_test,attention_pulse_calibration,ML: HGB selected top 20,2015-02 to 2017-12,2018-01 to 2018-12,2019-01 to 2019-12,7,0.7000000000000001,0.8,4,0.763304324751043,0.75,0.11011117684426694
normal_pre_covid_test,attention_pulse_calibration,ML: HGB selected top 20,2015-02 to 2017-12,2018-01 to 2018-12,2019-01 to 2019-12,8,0.8,0.9,5,0.8645670067107798,1.0,0.11011117684426694
normal_pre_covid_test,attention_pulse_calibration,ML: HGB selected top 20,2015-02 to 2017-12,2018-01 to 2018-12,2019-01 to 2019-12,9,0.9,1.0,1,0.9296505186341915,1.0,0.11011117684426694
normal_pre_covid_test,attention_pulse_calibration,ML: Logistic all modalities,2015-02 to 2017-12,2018-01 to 2018-12,2019-01 to 2019-12,0,0.0,0.1,1045,0.035480848424075014,0.042105263157894736,0.1933266853434931
normal_pre_covid_test,attention_pulse_calibration,ML: Logistic all modalities,2015-02 to 2017-12,2018-01 to 2018-12,2019-01 to 2019-12,1,0.1,0.2,686,0.15344468878199932,0.08163265306122448,0.1933266853434931
normal_pre_covid_test,attention_pulse_calibration,ML: Logistic all modalities,2015-02 to 2017-12,2018-01 to 2018-12,2019-01 to 2019-12,2,0.2,0.30000000000000004,1185,0.256245963958383,0.09367088607594937,0.1933266853434931
normal_pre_covid_test,attention_pulse_calibration,ML: Logistic all modalities,2015-02 to 2017-12,2018-01 to 2018-12,2019-01 to 2019-12,3,0.30000000000000004,0.4,1970,0.3536264226464048,0.10152284263959391,0.1933266853434931
normal_pre_covid_test,attention_pulse_calibration,ML: Logistic all modalities,2015-02 to 2017-12,2018-01 to 2018-12,2019-01 to 2019-12,4,0.4,0.5,2469,0.4500780243539965,0.13649250708788985,0.1933266853434931
normal_pre_covid_test,attention_pulse_calibration,ML: Logistic all modalities,2015-02 to 2017-12,2018-01 to 2018-12,2019-01 to 2019-12,5,0.5,0.6000000000000001,2130,0.5473824105831067,0.17746478873239438,0.1933266853434931
normal_pre_covid_test,attention_pulse_calibration,ML: Logistic all modalities,2015-02 to 2017-12,2018-01 to 2018-12,2019-01 to 2019-12,6,0.6000000000000001,0.7000000000000001,883,0.641434503683347,0.23556058890147225,0.1933266853434931
normal_pre_covid_test,attention_pulse_calibration,ML: Logistic all modalities,2015-02 to 2017-12,2018-01 to 2018-12,2019-01 to 2019-12,7,0.7000000000000001,0.8,123,0.7281123572975596,0.37398373983739835,0.1933266853434931
normal_pre_covid_test,attention_pulse_calibration,ML: Logistic all modalities,2015-02 to 2017-12,2018-01 to 2018-12,2019-01 to 2019-12,8,0.8,0.9,12,0.8515060903557817,0.4166666666666667,0.1933266853434931
normal_pre_covid_test,attention_pulse_calibration,ML: Logistic all modalities,2015-02 to 2017-12,2018-01 to 2018-12,2019-01 to 2019-12,9,0.9,1.0,8,0.9308342954796954,0.25,0.1933266853434931
normal_pre_covid_test,attention_pulse_calibration,ML: Logistic selected top 20,2015-02 to 2017-12,2018-01 to 2018-12,2019-01 to 2019-12,0,0.0,0.1,998,0.03827809255631708,0.04308617234468938,0.19472078344670177
normal_pre_covid_test,attention_pulse_calibration,ML: Logistic selected top 20,2015-02 to 2017-12,2018-01 to 2018-12,2019-01 to 2019-12,1,0.1,0.2,711,0.15310354138251947,0.07454289732770746,0.19472078344670177
normal_pre_covid_test,attention_pulse_calibration,ML: Logistic selected top 20,2015-02 to 2017-12,2018-01 to 2018-12,2019-01 to 2019-12,2,0.2,0.30000000000000004,1190,0.2546419569296961,0.09411764705882353,0.19472078344670177
normal_pre_covid_test,attention_pulse_calibration,ML: Logistic selected top 20,2015-02 to 2017-12,2018-01 to 2018-12,2019-01 to 2019-12,3,0.30000000000000004,0.4,1852,0.3530325975770655,0.10961123110151189,0.19472078344670177
normal_pre_covid_test,attention_pulse_calibration,ML: Logistic selected top 20,2015-02 to 2017-12,2018-01 to 2018-12,2019-01 to 2019-12,4,0.4,0.5,2523,0.45065534346685493,0.14189456995640112,0.19472078344670177
normal_pre_covid_test,attention_pulse_calibration,ML: Logistic selected top 20,2015-02 to 2017-12,2018-01 to 2018-12,2019-01 to 2019-12,5,0.5,0.6000000000000001,2230,0.5470697535876217,0.17130044843049327,0.19472078344670177
normal_pre_covid_test,attention_pulse_calibration,ML: Logistic selected top 20,2015-02 to 2017-12,2018-01 to 2018-12,2019-01 to 2019-12,6,0.6000000000000001,0.7000000000000001,901,0.6367676933602665,0.22086570477247502,0.19472078344670177
normal_pre_covid_test,attention_pulse_calibration,ML: Logistic selected top 20,2015-02 to 2017-12,2018-01 to 2018-12,2019-01 to 2019-12,7,0.7000000000000001,0.8,85,0.7251843796175399,0.3176470588235294,0.19472078344670177
normal_pre_covid_test,attention_pulse_calibration,ML: Logistic selected top 20,2015-02 to 2017-12,2018-01 to 2018-12,2019-01 to 2019-12,8,0.8,0.9,18,0.8518152074929239,0.5555555555555556,0.19472078344670177
normal_pre_covid_test,attention_pulse_calibration,ML: Logistic selected top 20,2015-02 to 2017-12,2018-01 to 2018-12,2019-01 to 2019-12,9,0.9,1.0,3,0.9254931999856675,0.0,0.19472078344670177
normal_pre_covid_test,attention_pulse_calibration,ML: all modalities,2015-02 to 2017-12,2018-01 to 2018-12,2019-01 to 2019-12,0,0.0,0.1,74,0.08039516072909807,0.04054054054054054,0.1639007168797412
normal_pre_covid_test,attention_pulse_calibration,ML: all modalities,2015-02 to 2017-12,2018-01 to 2018-12,2019-01 to 2019-12,1,0.1,0.2,674,0.16015641008652617,0.03412462908011869,0.1639007168797412
normal_pre_covid_test,attention_pulse_calibration,ML: all modalities,2015-02 to 2017-12,2018-01 to 2018-12,2019-01 to 2019-12,2,0.2,0.30000000000000004,1574,0.26053163704260773,0.0698856416772554,0.1639007168797412
normal_pre_covid_test,attention_pulse_calibration,ML: all modalities,2015-02 to 2017-12,2018-01 to 2018-12,2019-01 to 2019-12,3,0.30000000000000004,0.4,4626,0.35344087157051574,0.11781236489407695,0.1639007168797412
normal_pre_covid_test,attention_pulse_calibration,ML: all modalities,2015-02 to 2017-12,2018-01 to 2018-12,2019-01 to 2019-12,4,0.4,0.5,2962,0.44022479098173234,0.17083051991897366,0.1639007168797412
normal_pre_covid_test,attention_pulse_calibration,ML: all modalities,2015-02 to 2017-12,2018-01 to 2018-12,2019-01 to 2019-12,5,0.5,0.6000000000000001,578,0.533224109958133,0.32525951557093424,0.1639007168797412
normal_pre_covid_test,attention_pulse_calibration,ML: all modalities,2015-02 to 2017-12,2018-01 to 2018-12,2019-01 to 2019-12,6,0.6000000000000001,0.7000000000000001,20,0.6177487581833931,0.45,0.1639007168797412
normal_pre_covid_test,attention_pulse_calibration,ML: all modalities,2015-02 to 2017-12,2018-01 to 2018-12,2019-01 to 2019-12,7,0.7000000000000001,0.8,3,0.750609908310771,1.0,0.1639007168797412
normal_pre_covid_test,attention_pulse_calibration,ML: historical,2015-02 to 2017-12,2018-01 to 2018-12,2019-01 to 2019-12,0,0.0,0.1,467,0.06361557167215598,0.01284796573875803,0.188282918775644
normal_pre_covid_test,attention_pulse_calibration,ML: historical,2015-02 to 2017-12,2018-01 to 2018-12,2019-01 to 2019-12,1,0.1,0.2,767,0.15285767316903653,0.04563233376792699,0.188282918775644
normal_pre_covid_test,attention_pulse_calibration,ML: historical,2015-02 to 2017-12,2018-01 to 2018-12,2019-01 to 2019-12,2,0.2,0.30000000000000004,1120,0.2575229686568438,0.09107142857142857,0.188282918775644
normal_pre_covid_test,attention_pulse_calibration,ML: historical,2015-02 to 2017-12,2018-01 to 2018-12,2019-01 to 2019-12,3,0.30000000000000004,0.4,2439,0.3550835915468406,0.1049610496104961,0.188282918775644
normal_pre_covid_test,attention_pulse_calibration,ML: historical,2015-02 to 2017-12,2018-01 to 2018-12,2019-01 to 2019-12,4,0.4,0.5,3130,0.45017812070104135,0.13003194888178915,0.188282918775644
normal_pre_covid_test,attention_pulse_calibration,ML: historical,2015-02 to 2017-12,2018-01 to 2018-12,2019-01 to 2019-12,5,0.5,0.6000000000000001,1851,0.5437234666852419,0.17936250675310642,0.188282918775644
normal_pre_covid_test,attention_pulse_calibration,ML: historical,2015-02 to 2017-12,2018-01 to 2018-12,2019-01 to 2019-12,6,0.6000000000000001,0.7000000000000001,687,0.6347497622559481,0.3245997088791849,0.188282918775644
normal_pre_covid_test,attention_pulse_calibration,ML: historical,2015-02 to 2017-12,2018-01 to 2018-12,2019-01 to 2019-12,7,0.7000000000000001,0.8,46,0.7198178743142103,0.4782608695652174,0.188282918775644
normal_pre_covid_test,attention_pulse_calibration,ML: historical,2015-02 to 2017-12,2018-01 to 2018-12,2019-01 to 2019-12,8,0.8,0.9,4,0.8503356541026765,1.0,0.188282918775644
normal_pre_covid_test,attention_pulse_calibration,ML: historical + NLP,2015-02 to 2017-12,2018-01 to 2018-12,2019-01 to 2019-12,0,0.0,0.1,320,0.0707283290234724,0.01875,0.16776174190827106
normal_pre_covid_test,attention_pulse_calibration,ML: historical + NLP,2015-02 to 2017-12,2018-01 to 2018-12,2019-01 to 2019-12,1,0.1,0.2,660,0.15062625704188948,0.03484848484848485,0.16776174190827106
normal_pre_covid_test,attention_pulse_calibration,ML: historical + NLP,2015-02 to 2017-12,2018-01 to 2018-12,2019-01 to 2019-12,2,0.2,0.30000000000000004,1234,0.26116121137628484,0.08833063209076175,0.16776174190827106
normal_pre_covid_test,attention_pulse_calibration,ML: historical + NLP,2015-02 to 2017-12,2018-01 to 2018-12,2019-01 to 2019-12,3,0.30000000000000004,0.4,3955,0.35496966265672464,0.11428571428571428,0.16776174190827106
normal_pre_covid_test,attention_pulse_calibration,ML: historical + NLP,2015-02 to 2017-12,2018-01 to 2018-12,2019-01 to 2019-12,4,0.4,0.5,3682,0.44342325832911333,0.1610537751222162,0.16776174190827106
normal_pre_covid_test,attention_pulse_calibration,ML: historical + NLP,2015-02 to 2017-12,2018-01 to 2018-12,2019-01 to 2019-12,5,0.5,0.6000000000000001,655,0.5266108926170018,0.3053435114503817,0.16776174190827106
normal_pre_covid_test,attention_pulse_calibration,ML: historical + NLP,2015-02 to 2017-12,2018-01 to 2018-12,2019-01 to 2019-12,6,0.6000000000000001,0.7000000000000001,5,0.6426754768563069,0.8,0.16776174190827106
normal_pre_covid_test,attention_pulse_calibration,ML: historical + SNA,2015-02 to 2017-12,2018-01 to 2018-12,2019-01 to 2019-12,0,0.0,0.1,39,0.08139732531820035,0.02564102564102564,0.17672776531013942
normal_pre_covid_test,attention_pulse_calibration,ML: historical + SNA,2015-02 to 2017-12,2018-01 to 2018-12,2019-01 to 2019-12,1,0.1,0.2,599,0.16320628350221922,0.025041736227045076,0.17672776531013942
normal_pre_covid_test,attention_pulse_calibration,ML: historical + SNA,2015-02 to 2017-12,2018-01 to 2018-12,2019-01 to 2019-12,2,0.2,0.30000000000000004,1456,0.25918025926217225,0.06799450549450549,0.17672776531013942
normal_pre_covid_test,attention_pulse_calibration,ML: historical + SNA,2015-02 to 2017-12,2018-01 to 2018-12,2019-01 to 2019-12,3,0.30000000000000004,0.4,3521,0.35350663819545963,0.10678784436239705,0.17672776531013942
normal_pre_covid_test,attention_pulse_calibration,ML: historical + SNA,2015-02 to 2017-12,2018-01 to 2018-12,2019-01 to 2019-12,4,0.4,0.5,3481,0.445942810777366,0.14938236139040506,0.17672776531013942
normal_pre_covid_test,attention_pulse_calibration,ML: historical + SNA,2015-02 to 2017-12,2018-01 to 2018-12,2019-01 to 2019-12,5,0.5,0.6000000000000001,1269,0.537983131331339,0.25374310480693457,0.17672776531013942
normal_pre_covid_test,attention_pulse_calibration,ML: historical + SNA,2015-02 to 2017-12,2018-01 to 2018-12,2019-01 to 2019-12,6,0.6000000000000001,0.7000000000000001,143,0.6274307295916114,0.35664335664335667,0.17672776531013942
normal_pre_covid_test,attention_pulse_calibration,ML: historical + SNA,2015-02 to 2017-12,2018-01 to 2018-12,2019-01 to 2019-12,7,0.7000000000000001,0.8,1,0.7232412678051158,1.0,0.17672776531013942
normal_pre_covid_test,attention_pulse_calibration,ML: historical + SNA,2015-02 to 2017-12,2018-01 to 2018-12,2019-01 to 2019-12,8,0.8,0.9,2,0.8669171455928375,1.0,0.17672776531013942
normal_pre_covid_test,attention_pulse_calibration,ML: historical + business,2015-02 to 2017-12,2018-01 to 2018-12,2019-01 to 2019-12,0,0.0,0.1,440,0.06610726635070407,0.011363636363636364,0.16291646719417227
normal_pre_covid_test,attention_pulse_calibration,ML: historical + business,2015-02 to 2017-12,2018-01 to 2018-12,2019-01 to 2019-12,1,0.1,0.2,959,0.15386537417307616,0.043795620437956206,0.16291646719417227
normal_pre_covid_test,attention_pulse_calibration,ML: historical + business,2015-02 to 2017-12,2018-01 to 2018-12,2019-01 to 2019-12,2,0.2,0.30000000000000004,2120,0.2572563021283383,0.09952830188679246,0.16291646719417227
normal_pre_covid_test,attention_pulse_calibration,ML: historical + business,2015-02 to 2017-12,2018-01 to 2018-12,2019-01 to 2019-12,3,0.30000000000000004,0.4,3099,0.3505151273186183,0.11681187479832204,0.16291646719417227
normal_pre_covid_test,attention_pulse_calibration,ML: historical + business,2015-02 to 2017-12,2018-01 to 2018-12,2019-01 to 2019-12,4,0.4,0.5,2545,0.4456169390823922,0.15599214145383103,0.16291646719417227
normal_pre_covid_test,attention_pulse_calibration,ML: historical + business,2015-02 to 2017-12,2018-01 to 2018-12,2019-01 to 2019-12,5,0.5,0.6000000000000001,1097,0.5405477661403831,0.24339106654512307,0.16291646719417227
normal_pre_covid_test,attention_pulse_calibration,ML: historical + business,2015-02 to 2017-12,2018-01 to 2018-12,2019-01 to 2019-12,6,0.6000000000000001,0.7000000000000001,242,0.6380729186832188,0.39669421487603307,0.16291646719417227
normal_pre_covid_test,attention_pulse_calibration,ML: historical + business,2015-02 to 2017-12,2018-01 to 2018-12,2019-01 to 2019-12,7,0.7000000000000001,0.8,7,0.7158576973502838,0.7142857142857143,0.16291646719417227
normal_pre_covid_test,attention_pulse_calibration,ML: historical + business,2015-02 to 2017-12,2018-01 to 2018-12,2019-01 to 2019-12,8,0.8,0.9,2,0.8647665301652563,1.0,0.16291646719417227
